Concept;Sous_Concept;Termes
Problématiques matérielles;Maintenance/Essais périodiques et physiques/Exploitation;Maintenance
Problématiques matérielles;Maintenance/Essais périodiques et physiques/Exploitation;Essais périodiques
Problématiques matérielles;Maintenance/Essais périodiques et physiques/Exploitation;Essais physiques
Problématiques matérielles;Maintenance/Essais périodiques et physiques/Exploitation;Exploitation
Problématiques matérielles;Demande de travaux;Demande de travaux
Problématiques matérielles;Panne/Défaillance;Panne
Problématiques matérielles;Panne/Défaillance;Défaillance
Problématiques matérielles;Conception;Conception
Problématiques matérielles;Qualification;Qualification
Problématiques matérielles;Modification;Modification
Problématiques matérielles;Métrologie;Métrologie
Problématiques matérielles;Vieillissement;Vieillissement
Méthodes;Rapport de sûreté (RDS);Rapport de sûreté
Méthodes;Rapport de sûreté (RDS);RDS
Méthodes;Règles générales d’exploitation (RGE);Règles générales d’exploitation
Méthodes;Règles générales d’exploitation (RGE);RGE
Méthodes;Gammes, SGI, Procédures;Gammes
Méthodes;Gammes, SGI, Procédures;SGI
Méthodes;Gammes, SGI, Procédures;Procédures
Méthodes;Dispositions de surveillance;Dispositions de surveillance
Méthodes;Analyse de risques ;Analyse de risques 
Méthodes;Spécifications techniques;Spécifications techniques
Méthodes;Réexamen de sûreté;Réexamen de sûreté
Méthodes;Revues Périodiques;Revues Périodiques
Méthodes;Architecture et gestion documentaire;Architecture documentaire
Méthodes;Architecture et gestion documentaire;Gestion documentaire
Méthodes;Exercices;Exercices
Méthodes;REX et Gestion du REX;REX
Aspects organisationnels;Politiques;Politiques
Aspects organisationnels;Organisation, Management;Organisation
Aspects organisationnels;Organisation, Management;Management
Aspects organisationnels;Planification;Planification
Aspects organisationnels;Formation/Compétence/Conduite à tenir;Formation
Aspects organisationnels;Formation/Compétence/Conduite à tenir;Compétence
Aspects organisationnels;Formation/Compétence/Conduite à tenir;Conduite à tenir
Aspects organisationnels;Suffisance des équipes;Suffisance des équipes
Aspects organisationnels;Prestataires et surveillance;Prestataires et surveillance
Aspects organisationnels;Respect des engagements;Respect des engagements
Aspects organisationnels;Gestion des écarts, détection et traitement des écarts;Gestion des écarts
Aspects organisationnels;Gestion des écarts, détection et traitement des écarts;Détection des écarts
Aspects organisationnels;Gestion des écarts, détection et traitement des écarts;Traitement des écarts
Aspects organisationnels;Fraude;Fraude
Domaines/Métiers;Mécanique dont robinetterie/Chaudronnerie;Mécanique
Domaines/Métiers;Mécanique dont robinetterie/Chaudronnerie;Robinetterie
Domaines/Métiers;Mécanique dont robinetterie/Chaudronnerie;Chaudronnerie
Domaines/Métiers;Électrique;Électrique
Domaines/Métiers;Contrôle commande;Contrôle commande
Domaines/Métiers;Informatique;Informatique
Domaines/Métiers;Chimie;Chimie
Domaines/Métiers;Génie civil;Génie civil
Domaines/Métiers;Mécanique des fluides;Mécanique des fluides
Barrières;Première barrière, Étanchéité, Combustible, Gaine;Première barrière
Barrières;Étanchéité deuxième barrière;Deuxième barrière
Barrières;Troisième barrière, Joint TAM, Traversées d’enceinte;Troisième barrière
Barrières;Spécificités radiochimiques;Spécificités radiochimiques
Barrières;Corps migrants (FME);Corps migrants
Barrières;Corps migrants (FME);FME
Barrières;Matériels de manutention;Matériels de manutention
Barrières;Tube transfert;Tube transfert
Barrières;Examens télévisuels;Examens télévisuels
Conduite normale;Général;Conduite normale
Conduite normale;Gestion des alarmes;Gestion des alarmes
Conduite normale;Consignation et condamnation administrative/Régime;Consignation administrative
Conduite normale;Consignation et condamnation administrative/Régime;Condamnation administrative
Conduite normale;Lignages;Lignages
Conduite normale;Dispositif et moyen provisoire (DMP);Dispositif et moyen provisoire
Conduite normale;Dispositif et moyen provisoire (DMP);DMP
Conduite normale;Modification temporaire de l’installation (MTI);Modification temporaire de l’installation
Conduite normale;Modification temporaire de l’installation (MTI);MTI
Conduite normale;Surveillance en salle de commande;Surveillance en salle de commande
Conduite normale;Évaluation contrôle ultime;Évaluation contrôle ultime
Conduite normale;Relève de quart;Relève de quart
Conduite normale;Instruction temporaire de sûreté (ITS);Instruction temporaire de sûreté
Conduite normale;Instruction temporaire de sûreté (ITS);ITS
Conduite normale;Demande de travaux;Demande de travaux
Chantiers et arrêts de réacteurs;Général;Chantiers de réacteurs
Chantiers et arrêts de réacteurs;Général;Arrêts de réacteurs
Chantiers et arrêts de réacteurs;Dossier de présentation d’arrêt;Dossier de présentation d’arrêt
Chantiers et arrêts de réacteurs;Chargement/Déchargement  du combustible;Chargement du combustible
Chantiers et arrêts de réacteurs;Chargement/Déchargement  du combustible;Déchargement  du combustible
Chantiers et arrêts de réacteurs;Autorisation de divergence;Autorisation de divergence
Chantiers et arrêts de réacteurs;Dossier de suivi d’intervention ;Dossier de suivi d’intervention 
Chantiers et arrêts de réacteurs;Régime de travail radiologique;Régime de travail radiologique
Chantiers et arrêts de réacteurs;Fiche de non-conformité;Fiche de non-conformité
RGE;Général;RGE
RGE;Disponibilité d’un matériel;Disponibilité d’un matériel
RGE;Critère A ou B;Critère A
RGE;Critère A ou B;Critère B
RGE;STE;STE
RGE;Spécificités radiochimiques;Spécificités radiochimiques
RGE;Spécificités chimiques;Spécificités chimiques
RGE;Accident grave;Accident grave
Crise/Urgence;Général;Crise
Crise/Urgence;Général;Urgence
Crise/Urgence;Alerte et coordination avec autorités, organismes et services extérieurs;Alerte et coordination avec autorités
Crise/Urgence;Alerte et coordination avec autorités, organismes et services extérieurs;Organismes et services extérieurs
Crise/Urgence;Moyens matériels pour la gestion des situations d’urgence;Moyens matériels pour la gestion des situations d’urgence
Crise/Urgence;Locaux de gestion des situations d’urgence;Locaux de gestion des situations d’urgence
Crise/Urgence;Protection des personnes présentes dans l’établissement;Protection des personnes présentes dans l’établissement
Environnement;Entreposage de substances dangereuses;Entreposage de substances dangereuses
Environnement;Éléments de la démonstration de sûreté relative à la maitrise des risques non radiologiques;Éléments de la démonstration de sûreté relative à la maitrise des risques non radiologiques
Environnement;Confinement liquide;Confinement liquide
Environnement;Risques microbiologiques;Risques microbiologiques
Environnement;Canalisations de substances radioactives ou dangereuses;Canalisations de substances radioactives ou dangereuses
Environnement;Dépotage de substances dangereuses;Dépotage de substances dangereuses
Environnement;Gestion de la ressource en eau;Gestion de la ressource en eau
Environnement;Rejets liquides;Rejets liquides
Environnement;Rejets gazeux;Rejets gazeux
Environnement;'Surveillance de l''environnement';'Surveillance de l''environnement'
Environnement;Laboratoires effluents et conformité à la norme 17025;Laboratoires effluents et conformité à la norme 17025
Environnement;Déchets radioactifs;Déchets radioactifs
Environnement;Déchets conventionnels;Déchets conventionnels
Radioprotection;Pôle de compétences en radioprotection;Pôle de compétences en radioprotection
Radioprotection;Surveillance et comptabilisation de l’exposition;Surveillance de l’exposition
Radioprotection;Surveillance et comptabilisation de l’exposition;Comptabilisation de l’exposition
Radioprotection;Radiographie industrielle;Radiographie industrielle
Radioprotection;Protection contre le risque de contamination;Protection contre le risque de contamination
Radioprotection;Sources de rayonnement ionisant;Sources de rayonnement ionisant
Radioprotection;Optimisation;Optimisation
Radioprotection;Maîtrise du terme source;Maîtrise du terme source
Radioprotection;Zonage;Zonage
Radioprotection;Identification et signalisation des «  points chauds  »;Identification et signalisation des «  points chauds  »
ESP/ESPN;Général;ESP
ESP/ESPN;Général;ESPN
ESP/ESPN;END;END
ESP/ESPN;Tuyauteries;Tuyauteries
ESP/ESPN;Supportages;Supportages
ESP/ESPN;Marquage des équipements;Marquage des équipements
ESP/ESPN;Soudage;Soudage
ESP/ESPN;Essais destructifs;Essais destructifs
ESP/ESPN;Modes de dégradation;Modes de dégradation
ESP/ESPN;Matériaux;Matériaux
ESP/ESPN;Documentation technique;Documentation technique
ESP/ESPN;Exigences essentielles de sécurité;Exigences essentielles de sécurité
ESP/ESPN;Requalification périodique;Requalification périodique
ESP/ESPN;Inspection périodique;Inspection périodique
ESP/ESPN;Intervention sur CCP/CSP;Intervention sur CCP
ESP/ESPN;Intervention sur CCP/CSP;Intervention sur CSP
Incendie;Matériaux de construction et d’aménagement;Matériaux de construction
Incendie;Matériaux de construction et d’aménagement;Matériaux d’aménagement
Incendie;Gestion des matières combustibles;Gestion des matières combustibles
Incendie;Plan de prévention et permis de feu;Plan de prévention
Incendie;Plan de prévention et permis de feu;Permis de feu
Incendie;Prévention des risques d’origine électrique ou électrique statique;Prévention des risques d’origine électrique
Incendie;Détection incendie et dispositifs de sécurité associes;Détection incendie
Incendie;Moyens d’intervention et de lutte contre l’incendie;Moyens d’intervention et de lutte contre l’incendie
Incendie;Voies d’accès et de circulation;Voies d’accès et de circulation
Incendie;Sectorisation;Sectorisation
Incendie;Résistance au feu des structures ;Résistance au feu des structures 
Incendie;Ventilation – désenfumage ;Ventilation
Incendie;Ventilation – désenfumage ;Désenfumage 
Incendie;Dispositifs de manœuvre;Dispositifs de manœuvre
Agressions;Référentiel aléa;Référentiel aléa
Agressions;Instrumentation et suivi de l’aléa;Instrumentation et suivi de l’aléa
Agressions;Matériels utilisés pour la protection contre les agressions;Matériels utilisés pour la protection contre les agressions
Agressions;Dispositions de protection contre les agressions;Dispositions de protection contre les agressions
Agressions;Matériels sensibles/vulnérables aux agressions;Matériels sensibles/vulnérables aux agressions
Agressions;Post Fukushima;Post Fukushima
Agressions;Inondations externes;Inondations externes
Agressions;Inondations internes;Inondations internes
Agressions;Séisme;Séisme
Agressions;Tornades, grands vents, tempêtes;Tornades
Agressions;Tornades, grands vents, tempêtes;Grands vents
Agressions;Tornades, grands vents, tempêtes;Tempêtes
Agressions;Explosion interne;Explosion interne
Agressions;'Phénomènes susceptibles d''engendrer un bouchage de la SDP';'Phénomènes susceptibles d''engendrer un bouchage de la SDP'
Agressions;'Projectiles internes à l''ilôt nucléaire';'Projectiles internes à l''ilôt nucléaire'
Agressions;Foudre;Foudre
Agressions;'Chute d''aéronef';'Chute d''aéronef'
Agressions;Éclatement du GTA;Éclatement du GTA
Agressions;'Agressions liées à l''environnement et aux voies de communication';'Agressions liées à l''environnement et aux voies de communication'
Agressions;Chute de charge;Chute de charge
